id,model_id,name,imt,ds
1,1,CR_LDUAL_DUH_H1,PGA,4
2,1,CR_LDUAL_DUH_H10,SA0.6,4
3,1,CR_LDUAL_DUH_H11,SA0.6,4
4,1,CR_LDUAL_DUH_H12,SA0.6,4
5,1,CR_LDUAL_DUH_H2,PGA,4
6,1,CR_LDUAL_DUH_H3,PGA,4
7,1,CR_LDUAL_DUH_H4,PGA,4
8,1,CR_LDUAL_DUH_H5,SA0.6,4
9,1,CR_LDUAL_DUH_H6,SA0.6,4
10,1,CR_LDUAL_DUH_H7,SA0.6,4
11,1,CR_LDUAL_DUH_H8,SA0.6,4
12,1,CR_LDUAL_DUH_H9,SA0.6,4
13,1,CR_LDUAL_DUL_H1,PGA,4
14,1,CR_LDUAL_DUL_H10,SA0.6,4
15,1,CR_LDUAL_DUL_H11,SA0.6,4
16,1,CR_LDUAL_DUL_H12,SA1.0,4
17,1,CR_LDUAL_DUL_H2,PGA,4
18,1,CR_LDUAL_DUL_H3,PGA,4
19,1,CR_LDUAL_DUL_H4,SA0.6,4
20,1,CR_LDUAL_DUL_H5,SA0.6,4
21,1,CR_LDUAL_DUL_H6,SA0.6,4
22,1,CR_LDUAL_DUL_H7,SA0.6,4
23,1,CR_LDUAL_DUL_H8,SA0.6,4
24,1,CR_LDUAL_DUL_H9,SA0.6,4
25,1,CR_LDUAL_DUM_H1,PGA,4
26,1,CR_LDUAL_DUM_H10,SA0.6,4
27,1,CR_LDUAL_DUM_H11,SA0.6,4
28,1,CR_LDUAL_DUM_H12,SA0.6,4
29,1,CR_LDUAL_DUM_H2,PGA,4
30,1,CR_LDUAL_DUM_H3,PGA,4
31,1,CR_LDUAL_DUM_H4,PGA,4
32,1,CR_LDUAL_DUM_H5,SA0.6,4
33,1,CR_LDUAL_DUM_H6,SA0.6,4
34,1,CR_LDUAL_DUM_H7,SA0.6,4
35,1,CR_LDUAL_DUM_H8,SA0.6,4
36,1,CR_LDUAL_DUM_H9,SA0.6,4
37,1,CR_LFINF_CDH_0_H1,PGA,4
38,1,CR_LFINF_CDH_0_H2,SA0.6,4
39,1,CR_LFINF_CDH_0_H3,SA0.6,4
40,1,CR_LFINF_CDH_0_H4,SA1.0,4
41,1,CR_LFINF_CDH_0_H5,SA1.0,4
42,1,CR_LFINF_CDH_0_H6,SA1.0,4
43,1,CR_LFINF_CDH_10_H1,PGA,4
44,1,CR_LFINF_CDH_10_H2,SA0.6,4
45,1,CR_LFINF_CDH_10_H3,SA0.6,4
46,1,CR_LFINF_CDH_10_H4,SA1.0,4
47,1,CR_LFINF_CDH_10_H5,SA1.0,4
48,1,CR_LFINF_CDH_10_H6,SA1.0,4
49,1,CR_LFINF_CDH_15_H1,PGA,4
50,1,CR_LFINF_CDH_15_H2,SA0.6,4
51,1,CR_LFINF_CDH_15_H3,SA0.6,4
52,1,CR_LFINF_CDH_15_H4,SA1.0,4
53,1,CR_LFINF_CDH_15_H5,SA1.0,4
54,1,CR_LFINF_CDH_15_H6,SA1.0,4
55,1,CR_LFINF_CDH_20_H1,PGA,4
56,1,CR_LFINF_CDH_20_H2,SA0.6,4
57,1,CR_LFINF_CDH_20_H3,SA0.6,4
58,1,CR_LFINF_CDH_20_H4,SA0.6,4
59,1,CR_LFINF_CDH_20_H5,SA0.6,4
60,1,CR_LFINF_CDH_20_H6,SA1.0,4
61,1,CR_LFINF_CDH_25_H1,PGA,4
62,1,CR_LFINF_CDH_25_H2,SA0.SA0.6,4
63,1,CR_LFINF_CDH_25_H3,SA0.6,4
64,1,CR_LFINF_CDH_25_H4,SA0.6,4
65,1,CR_LFINF_CDH_25_H5,SA0.6,4
66,1,CR_LFINF_CDH_25_H6,SA1.0,4
67,1,CR_LFINF_CDH_30_H1,PGA,4
68,1,CR_LFINF_CDH_30_H2,SA0.SA0.6,4
69,1,CR_LFINF_CDH_30_H3,SA0.6,4
70,1,CR_LFINF_CDH_30_H4,SA0.6,4
71,1,CR_LFINF_CDH_30_H5,SA0.6,4
72,1,CR_LFINF_CDH_30_H6,SA0.6,4
73,1,CR_LFINF_CDH_5_H1,PGA,4
74,1,CR_LFINF_CDH_5_H2,SA0.6,4
75,1,CR_LFINF_CDH_5_H3,SA0.6,4
76,1,CR_LFINF_CDH_5_H4,SA1.0,4
77,1,CR_LFINF_CDH_5_H5,SA1.0,4
78,1,CR_LFINF_CDH_5_H6,SA1.0,4
79,1,CR_LFINF_CDL_0_H1,SA0.6,4
80,1,CR_LFINF_CDL_0_H2,SA0.6,4
81,1,CR_LFINF_CDL_0_H3,SA1.0,4
82,1,CR_LFINF_CDL_0_H4,SA1.0,4
83,1,CR_LFINF_CDL_0_H5,SA1.0,4
84,1,CR_LFINF_CDL_0_H6,SA1.0,4
85,1,CR_LFINF_CDL_10_H1,SA0.6,4
86,1,CR_LFINF_CDL_10_H2,SA0.6,4
87,1,CR_LFINF_CDL_10_H3,SA1.0,4
88,1,CR_LFINF_CDL_10_H4,SA1.0,4
89,1,CR_LFINF_CDL_10_H5,SA1.0,4
90,1,CR_LFINF_CDL_10_H6,SA1.0,4
91,1,CR_LFINF_CDL_15_H1,SA0.6,4
92,1,CR_LFINF_CDL_15_H2,SA0.6,4
93,1,CR_LFINF_CDL_15_H3,SA1.0,4
94,1,CR_LFINF_CDL_15_H4,SA1.0,4
95,1,CR_LFINF_CDL_15_H5,SA1.0,4
96,1,CR_LFINF_CDL_15_H6,SA1.0,4
97,1,CR_LFINF_CDL_20_H1,SA0.6,4
98,1,CR_LFINF_CDL_20_H2,SA0.6,4
99,1,CR_LFINF_CDL_20_H3,SA0.6,4
100,1,CR_LFINF_CDL_20_H4,SA1.0,4
101,1,CR_LFINF_CDL_20_H5,SA1.0,4
102,1,CR_LFINF_CDL_20_H6,SA1.0,4
103,1,CR_LFINF_CDL_25_H1,SA0.6,4
104,1,CR_LFINF_CDL_25_H2,SA0.6,4
105,1,CR_LFINF_CDL_25_H3,SA0.6,4
106,1,CR_LFINF_CDL_25_H4,SA0.6,4
107,1,CR_LFINF_CDL_25_H5,SA1.0,4
108,1,CR_LFINF_CDL_25_H6,SA1.0,4
109,1,CR_LFINF_CDL_30_H1,SA0.6,4
110,1,CR_LFINF_CDL_30_H2,SA0.6,4
111,1,CR_LFINF_CDL_30_H3,SA0.6,4
112,1,CR_LFINF_CDL_30_H4,SA0.6,4
113,1,CR_LFINF_CDL_30_H5,SA0.6,4
114,1,CR_LFINF_CDL_30_H6,SA1.0,4
115,1,CR_LFINF_CDL_5_H1,SA0.6,4
116,1,CR_LFINF_CDL_5_H2,SA0.6,4
117,1,CR_LFINF_CDL_5_H3,SA1.0,4
118,1,CR_LFINF_CDL_5_H4,SA1.0,4
119,1,CR_LFINF_CDL_5_H5,SA1.0,4
120,1,CR_LFINF_CDL_5_H6,SA1.0,4
121,1,CR_LFINF_CDM_0_H1,SA0.SA0.6,4
122,1,CR_LFINF_CDM_0_H2,SA0.6,4
123,1,CR_LFINF_CDM_0_H3,SA1.0,4
124,1,CR_LFINF_CDM_0_H4,SA1.0,4
125,1,CR_LFINF_CDM_0_H5,SA1.0,4
126,1,CR_LFINF_CDM_0_H6,SA1.0,4
127,1,CR_LFINF_CDM_10_H1,SA0.SA0.6,4
128,1,CR_LFINF_CDM_10_H2,SA0.6,4
129,1,CR_LFINF_CDM_10_H3,SA1.0,4
130,1,CR_LFINF_CDM_10_H4,SA1.0,4
131,1,CR_LFINF_CDM_10_H5,SA1.0,4
132,1,CR_LFINF_CDM_10_H6,SA1.0,4
133,1,CR_LFINF_CDM_15_H1,SA0.SA0.6,4
134,1,CR_LFINF_CDM_15_H2,SA0.6,4
135,1,CR_LFINF_CDM_15_H3,SA0.6,4
136,1,CR_LFINF_CDM_15_H4,SA1.0,4
137,1,CR_LFINF_CDM_15_H5,SA1.0,4
138,1,CR_LFINF_CDM_15_H6,SA1.0,4
139,1,CR_LFINF_CDM_20_H1,SA0.6,4
140,1,CR_LFINF_CDM_20_H2,SA0.6,4
141,1,CR_LFINF_CDM_20_H3,SA0.6,4
142,1,CR_LFINF_CDM_20_H4,SA0.6,4
143,1,CR_LFINF_CDM_20_H5,SA1.0,4
144,1,CR_LFINF_CDM_20_H6,SA1.0,4
145,1,CR_LFINF_CDM_25_H1,SA0.6,4
146,1,CR_LFINF_CDM_25_H2,SA0.6,4
147,1,CR_LFINF_CDM_25_H3,SA0.6,4
148,1,CR_LFINF_CDM_25_H4,SA0.6,4
149,1,CR_LFINF_CDM_25_H5,SA0.6,4
150,1,CR_LFINF_CDM_25_H6,SA1.0,4
151,1,CR_LFINF_CDM_30_H1,SA0.SA0.6,4
152,1,CR_LFINF_CDM_30_H2,SA0.6,4
153,1,CR_LFINF_CDM_30_H3,SA0.6,4
154,1,CR_LFINF_CDM_30_H4,SA0.6,4
155,1,CR_LFINF_CDM_30_H5,SA0.6,4
156,1,CR_LFINF_CDM_30_H6,SA0.6,4
157,1,CR_LFINF_CDM_5_H1,SA0.SA0.6,4
158,1,CR_LFINF_CDM_5_H2,SA0.6,4
159,1,CR_LFINF_CDM_5_H3,SA1.0,4
160,1,CR_LFINF_CDM_5_H4,SA1.0,4
161,1,CR_LFINF_CDM_5_H5,SA1.0,4
162,1,CR_LFINF_CDM_5_H6,SA1.0,4
163,1,CR_LFINF_CDN_0_H1,SA0.6,4
164,1,CR_LFINF_CDN_0_H2,SA0.6,4
165,1,CR_LFINF_CDN_0_H3,SA1.0,4
166,1,CR_LFINF_CDN_0_H4,SA1.0,4
167,1,CR_LFINF_CDN_0_H5,SA1.0,4
168,1,CR_LFINF_CDN_0_H6,SA1.0,4
169,1,CR_LFM_CDH_0_H1,PGA,4
170,1,CR_LFM_CDH_0_H2,SA0.6,4
171,1,CR_LFM_CDH_0_H3,SA1.0,4
172,1,CR_LFM_CDH_0_H4,SA1.0,4
173,1,CR_LFM_CDH_0_H5,SA1.0,4
174,1,CR_LFM_CDH_0_H6,SA1.0,4
175,1,CR_LFM_CDH_10_H1,PGA,4
176,1,CR_LFM_CDH_10_H2,SA0.6,4
177,1,CR_LFM_CDH_10_H3,SA1.0,4
178,1,CR_LFM_CDH_10_H4,SA1.0,4
179,1,CR_LFM_CDH_10_H5,SA1.0,4
180,1,CR_LFM_CDH_10_H6,SA1.0,4
181,1,CR_LFM_CDH_15_H1,PGA,4
182,1,CR_LFM_CDH_15_H2,SA0.6,4
183,1,CR_LFM_CDH_15_H3,SA1.0,4
184,1,CR_LFM_CDH_15_H4,SA1.0,4
185,1,CR_LFM_CDH_15_H5,SA1.0,4
186,1,CR_LFM_CDH_15_H6,SA1.0,4
187,1,CR_LFM_CDH_20_H1,PGA,4
188,1,CR_LFM_CDH_20_H2,SA0.6,4
189,1,CR_LFM_CDH_20_H3,SA0.6,4
190,1,CR_LFM_CDH_20_H4,SA1.0,4
191,1,CR_LFM_CDH_20_H5,SA1.0,4
192,1,CR_LFM_CDH_20_H6,SA1.0,4
193,1,CR_LFM_CDH_25_H1,PGA,4
194,1,CR_LFM_CDH_25_H2,SA0.6,4
195,1,CR_LFM_CDH_25_H3,SA0.6,4
196,1,CR_LFM_CDH_25_H4,SA0.6,4
197,1,CR_LFM_CDH_25_H5,SA1.0,4
198,1,CR_LFM_CDH_25_H6,SA1.0,4
199,1,CR_LFM_CDH_30_H1,PGA,4
200,1,CR_LFM_CDH_30_H2,SA0.6,4
201,1,CR_LFM_CDH_30_H3,SA0.6,4
202,1,CR_LFM_CDH_30_H4,SA0.6,4
203,1,CR_LFM_CDH_30_H5,SA1.0,4
204,1,CR_LFM_CDH_30_H6,SA1.0,4
205,1,CR_LFM_CDH_5_H1,PGA,4
206,1,CR_LFM_CDH_5_H2,SA0.6,4
207,1,CR_LFM_CDH_5_H3,SA1.0,4
208,1,CR_LFM_CDH_5_H4,SA1.0,4
209,1,CR_LFM_CDH_5_H5,SA1.0,4
210,1,CR_LFM_CDH_5_H6,SA1.0,4
211,1,CR_LFM_CDL_0_H1,SA0.6,4
212,1,CR_LFM_CDL_0_H2,SA1.0,4
213,1,CR_LFM_CDL_0_H3,SA1.0,4
214,1,CR_LFM_CDL_0_H4,SA1.0,4
215,1,CR_LFM_CDL_0_H5,SA1.0,4
216,1,CR_LFM_CDL_0_H6,SA1.0,4
217,1,CR_LFM_CDL_10_H1,SA0.6,4
218,1,CR_LFM_CDL_10_H2,SA1.0,4
219,1,CR_LFM_CDL_10_H3,SA1.0,4
220,1,CR_LFM_CDL_10_H4,SA1.0,4
221,1,CR_LFM_CDL_10_H5,SA1.0,4
222,1,CR_LFM_CDL_10_H6,SA1.0,4
223,1,CR_LFM_CDL_15_H1,SA0.6,4
224,1,CR_LFM_CDL_15_H2,SA1.0,4
225,1,CR_LFM_CDL_15_H3,SA1.0,4
226,1,CR_LFM_CDL_15_H4,SA1.0,4
227,1,CR_LFM_CDL_15_H5,SA1.0,4
228,1,CR_LFM_CDL_15_H6,SA1.0,4
229,1,CR_LFM_CDL_20_H1,SA0.6,4
230,1,CR_LFM_CDL_20_H2,SA0.6,4
231,1,CR_LFM_CDL_20_H3,SA1.0,4
232,1,CR_LFM_CDL_20_H4,SA1.0,4
233,1,CR_LFM_CDL_20_H5,SA1.0,4
234,1,CR_LFM_CDL_20_H6,SA1.0,4
235,1,CR_LFM_CDL_25_H1,SA0.6,4
236,1,CR_LFM_CDL_25_H2,SA0.6,4
237,1,CR_LFM_CDL_25_H3,SA0.6,4
238,1,CR_LFM_CDL_25_H4,SA1.0,4
239,1,CR_LFM_CDL_25_H5,SA1.0,4
240,1,CR_LFM_CDL_25_H6,SA1.0,4
241,1,CR_LFM_CDL_30_H1,SA0.6,4
242,1,CR_LFM_CDL_30_H2,SA0.6,4
243,1,CR_LFM_CDL_30_H3,SA0.6,4
244,1,CR_LFM_CDL_30_H4,SA1.0,4
245,1,CR_LFM_CDL_30_H5,SA1.0,4
246,1,CR_LFM_CDL_30_H6,SA1.0,4
247,1,CR_LFM_CDL_5_H1,SA0.6,4
248,1,CR_LFM_CDL_5_H2,SA1.0,4
249,1,CR_LFM_CDL_5_H3,SA1.0,4
250,1,CR_LFM_CDL_5_H4,SA1.0,4
251,1,CR_LFM_CDL_5_H5,SA1.0,4
252,1,CR_LFM_CDL_5_H6,SA1.0,4
253,1,CR_LFM_CDM_0_H1,SA0.6,4
254,1,CR_LFM_CDM_0_H2,SA1.0,4
255,1,CR_LFM_CDM_0_H3,SA1.0,4
256,1,CR_LFM_CDM_0_H4,SA1.0,4
257,1,CR_LFM_CDM_0_H5,SA1.0,4
258,1,CR_LFM_CDM_0_H6,SA1.0,4
259,1,CR_LFM_CDM_10_H1,SA0.6,4
260,1,CR_LFM_CDM_10_H2,SA1.0,4
261,1,CR_LFM_CDM_10_H3,SA1.0,4
262,1,CR_LFM_CDM_10_H4,SA1.0,4
263,1,CR_LFM_CDM_10_H5,SA1.0,4
264,1,CR_LFM_CDM_10_H6,SA1.0,4
265,1,CR_LFM_CDM_15_H1,SA0.6,4
266,1,CR_LFM_CDM_15_H2,SA0.6,4
267,1,CR_LFM_CDM_15_H3,SA1.0,4
268,1,CR_LFM_CDM_15_H4,SA1.0,4
269,1,CR_LFM_CDM_15_H5,SA1.0,4
270,1,CR_LFM_CDM_15_H6,SA1.0,4
271,1,CR_LFM_CDM_20_H1,SA0.6,4
272,1,CR_LFM_CDM_20_H2,SA0.6,4
273,1,CR_LFM_CDM_20_H3,SA0.6,4
274,1,CR_LFM_CDM_20_H4,SA1.0,4
275,1,CR_LFM_CDM_20_H5,SA1.0,4
276,1,CR_LFM_CDM_20_H6,SA1.0,4
277,1,CR_LFM_CDM_25_H1,SA0.6,4
278,1,CR_LFM_CDM_25_H2,SA0.6,4
279,1,CR_LFM_CDM_25_H3,SA0.6,4
280,1,CR_LFM_CDM_25_H4,SA0.6,4
281,1,CR_LFM_CDM_25_H5,SA1.0,4
282,1,CR_LFM_CDM_25_H6,SA1.0,4
283,1,CR_LFM_CDM_30_H1,SA0.6,4
284,1,CR_LFM_CDM_30_H2,SA0.6,4
285,1,CR_LFM_CDM_30_H3,SA0.6,4
286,1,CR_LFM_CDM_30_H4,SA0.6,4
287,1,CR_LFM_CDM_30_H5,SA0.6,4
288,1,CR_LFM_CDM_30_H6,SA0.6,4
289,1,CR_LFM_CDM_5_H1,SA0.6,4
290,1,CR_LFM_CDM_5_H2,SA1.0,4
291,1,CR_LFM_CDM_5_H3,SA1.0,4
292,1,CR_LFM_CDM_5_H4,SA1.0,4
293,1,CR_LFM_CDM_5_H5,SA1.0,4
294,1,CR_LFM_CDM_5_H6,SA1.0,4
295,1,CR_LFM_CDN_0_H1,SA0.6,4
296,1,CR_LFM_CDN_0_H2,SA1.0,4
297,1,CR_LFM_CDN_0_H3,SA1.0,4
298,1,CR_LFM_CDN_0_H4,SA1.0,4
299,1,CR_LFM_CDN_0_H5,SA1.0,4
300,1,CR_LFM_CDN_0_H6,SA1.0,4
301,1,CR_LWAL_DUH_H1,PGA,4
302,1,CR_LWAL_DUH_H10,SA0.6,4
303,1,CR_LWAL_DUH_H11,SA0.6,4
304,1,CR_LWAL_DUH_H12,SA0.6,4
305,1,CR_LWAL_DUH_H2,PGA,4
306,1,CR_LWAL_DUH_H3,PGA,4
307,1,CR_LWAL_DUH_H4,PGA,4
308,1,CR_LWAL_DUH_H5,SA0.SA0.6,4
309,1,CR_LWAL_DUH_H6,SA0.SA0.6,4
310,1,CR_LWAL_DUH_H7,SA0.6,4
311,1,CR_LWAL_DUH_H8,SA0.6,4
312,1,CR_LWAL_DUH_H9,SA0.6,4
313,1,CR_LWAL_DUL_H1,PGA,4
314,1,CR_LWAL_DUL_H10,SA0.6,4
315,1,CR_LWAL_DUL_H11,SA0.6,4
316,1,CR_LWAL_DUL_H12,SA1.0,4
317,1,CR_LWAL_DUL_H2,PGA,4
318,1,CR_LWAL_DUL_H3,PGA,4
319,1,CR_LWAL_DUL_H4,SA0.SA0.6,4
320,1,CR_LWAL_DUL_H5,SA0.6,4
321,1,CR_LWAL_DUL_H6,SA0.6,4
322,1,CR_LWAL_DUL_H7,SA0.6,4
323,1,CR_LWAL_DUL_H8,SA0.6,4
324,1,CR_LWAL_DUL_H9,SA0.6,4
325,1,CR_LWAL_DUM_H1,PGA,4
326,1,CR_LWAL_DUM_H10,SA0.6,4
327,1,CR_LWAL_DUM_H11,SA0.6,4
328,1,CR_LWAL_DUM_H12,SA0.6,4
329,1,CR_LWAL_DUM_H2,PGA,4
330,1,CR_LWAL_DUM_H3,PGA,4
331,1,CR_LWAL_DUM_H4,PGA,4
332,1,CR_LWAL_DUM_H5,SA0.SA0.6,4
333,1,CR_LWAL_DUM_H6,SA0.6,4
334,1,CR_LWAL_DUM_H7,SA0.6,4
335,1,CR_LWAL_DUM_H8,SA0.6,4
336,1,CR_LWAL_DUM_H9,SA0.6,4
337,1,MCF_LWAL_DUH_H1,PGA,4
338,1,MCF_LWAL_DUH_H2,PGA,4
339,1,MCF_LWAL_DUH_H3,PGA,4
340,1,MCF_LWAL_DUH_H4,SA0.6,4
341,1,MCF_LWAL_DUH_H5,SA0.6,4
342,1,MCF_LWAL_DUH_H6,SA0.6,4
343,1,MCF_LWAL_DUL_H1,PGA,4
344,1,MCF_LWAL_DUL_H2,PGA,4
345,1,MCF_LWAL_DUL_H3,SA0.SA0.6,4
346,1,MCF_LWAL_DUL_H4,SA0.6,4
347,1,MCF_LWAL_DUL_H5,SA0.6,4
348,1,MCF_LWAL_DUL_H6,SA0.6,4
349,1,MCF_LWAL_DUM_H1,PGA,4
350,1,MCF_LWAL_DUM_H2,PGA,4
351,1,MCF_LWAL_DUM_H3,PGA,4
352,1,MCF_LWAL_DUM_H4,SA0.6,4
353,1,MCF_LWAL_DUM_H5,SA0.6,4
354,1,MCF_LWAL_DUM_H6,SA0.6,4
355,1,MR_LWAL_DUH_H1,PGA,4
356,1,MR_LWAL_DUH_H2,PGA,4
357,1,MR_LWAL_DUH_H3,SA0.SA0.6,4
358,1,MR_LWAL_DUH_H4,SA0.6,4
359,1,MR_LWAL_DUH_H5,SA0.6,4
360,1,MR_LWAL_DUL_H1,PGA,4
361,1,MR_LWAL_DUL_H2,PGA,4
362,1,MR_LWAL_DUL_H3,SA0.6,4
363,1,MR_LWAL_DUL_H4,SA0.6,4
364,1,MR_LWAL_DUL_H5,SA0.6,4
365,1,MR_LWAL_DUM_H1,PGA,4
366,1,MR_LWAL_DUM_H2,PGA,4
367,1,MR_LWAL_DUM_H3,SA0.SA0.6,4
368,1,MR_LWAL_DUM_H4,SA0.6,4
369,1,MR_LWAL_DUM_H5,SA0.6,4
370,1,MUR_LWAL_DNO_H1,PGA,4
371,1,MUR_LWAL_DNO_H2,SA0.SA0.6,4
372,1,MUR_LWAL_DNO_H3,SA0.6,4
373,1,MUR_LWAL_DNO_H4,SA0.6,4
374,1,MUR_LWAL_DNO_H5,SA0.6,4
375,1,MUR_ADO_LWAL_DNO_H1,PGA,4
376,1,MUR_ADO_LWAL_DNO_H2,SA0.6,4
377,1,MUR_ADO_LWAL_DNO_H3,SA0.6,4
378,1,MUR_CB99_LWAL_DNO_H1,PGA,4
379,1,MUR_CB99_LWAL_DNO_H2,SA0.SA0.6,4
380,1,MUR_CB99_LWAL_DNO_H3,SA0.6,4
381,1,MUR_CB99_LWAL_DNO_H4,SA0.6,4
382,1,MUR_CB99_LWAL_DNO_H5,SA0.6,4
383,1,MUR_CL99_LWAL_DNO_H1,PGA,4
384,1,MUR_CL99_LWAL_DNO_H2,SA0.SA0.6,4
385,1,MUR_CL99_LWAL_DNO_H3,SA0.6,4
386,1,MUR_CL99_LWAL_DNO_H4,SA0.6,4
387,1,MUR_CL99_LWAL_DNO_H5,SA0.6,4
388,1,MUR_STDRE_LWAL_DNO_H1,PGA,4
389,1,MUR_STDRE_LWAL_DNO_H2,SA0.SA0.6,4
390,1,MUR_STDRE_LWAL_DNO_H3,SA0.6,4
391,1,MUR_STDRE_LWAL_DNO_H4,SA0.6,4
392,1,MUR_STDRE_LWAL_DNO_H5,SA0.6,4
393,1,MUR_STRUB_LWAL_DNO_H1,PGA,4
394,1,MUR_STRUB_LWAL_DNO_H2,SA0.SA0.6,4
395,1,MUR_STRUB_LWAL_DNO_H3,SA0.6,4
396,1,MUR_STRUB_LWAL_DNO_H4,SA0.6,4
397,1,MUR_STRUB_LWAL_DNO_H5,SA0.6,4
398,1,S_LFBR_DUH_H1,PGA,4
399,1,S_LFBR_DUH_H10,SA1.0,4
400,1,S_LFBR_DUH_H11,SA1.0,4
401,1,S_LFBR_DUH_H12,SA1.0,4
402,1,S_LFBR_DUH_H2,SA0.SA0.6,4
403,1,S_LFBR_DUH_H3,SA0.6,4
404,1,S_LFBR_DUH_H4,SA0.6,4
405,1,S_LFBR_DUH_H5,SA0.6,4
406,1,S_LFBR_DUH_H6,SA0.6,4
407,1,S_LFBR_DUH_H7,SA1.0,4
408,1,S_LFBR_DUH_H8,SA1.0,4
409,1,S_LFBR_DUH_H9,SA1.0,4
410,1,S_LFBR_DUM_H1,PGA,4
411,1,S_LFBR_DUM_H10,SA1.0,4
412,1,S_LFBR_DUM_H11,SA1.0,4
413,1,S_LFBR_DUM_H12,SA1.0,4
414,1,S_LFBR_DUM_H2,SA0.SA0.6,4
415,1,S_LFBR_DUM_H3,SA0.6,4
416,1,S_LFBR_DUM_H4,SA0.6,4
417,1,S_LFBR_DUM_H5,SA0.6,4
418,1,S_LFBR_DUM_H6,SA0.6,4
419,1,S_LFBR_DUM_H7,SA1.0,4
420,1,S_LFBR_DUM_H8,SA1.0,4
421,1,S_LFBR_DUM_H9,SA1.0,4
422,1,S_LFINF_DUH_H1,PGA,4
423,1,S_LFINF_DUH_H10,SA0.6,4
424,1,S_LFINF_DUH_H11,SA0.6,4
425,1,S_LFINF_DUH_H12,SA0.6,4
426,1,S_LFINF_DUH_H2,PGA,4
427,1,S_LFINF_DUH_H3,SA0.SA0.6,4
428,1,S_LFINF_DUH_H4,SA0.SA0.6,4
429,1,S_LFINF_DUH_H5,SA0.6,4
430,1,S_LFINF_DUH_H6,SA0.6,4
431,1,S_LFINF_DUH_H7,SA0.6,4
432,1,S_LFINF_DUH_H8,SA0.6,4
433,1,S_LFINF_DUH_H9,SA0.6,4
434,1,S_LFINF_DUM_H1,PGA,4
435,1,S_LFINF_DUM_H10,SA0.6,4
436,1,S_LFINF_DUM_H11,SA0.6,4
437,1,S_LFINF_DUM_H12,SA0.6,4
438,1,S_LFINF_DUM_H2,PGA,4
439,1,S_LFINF_DUM_H3,SA0.SA0.6,4
440,1,S_LFINF_DUM_H4,SA0.SA0.6,4
441,1,S_LFINF_DUM_H5,SA0.6,4
442,1,S_LFINF_DUM_H6,SA0.6,4
443,1,S_LFINF_DUM_H7,SA0.6,4
444,1,S_LFINF_DUM_H8,SA0.6,4
445,1,S_LFINF_DUM_H9,SA0.6,4
446,1,S_LFM_DUH_H1,PGA,4
447,1,S_LFM_DUH_H10,SA1.0,4
448,1,S_LFM_DUH_H11,SA1.0,4
449,1,S_LFM_DUH_H12,SA1.0,4
450,1,S_LFM_DUH_H2,SA0.SA0.6,4
451,1,S_LFM_DUH_H3,SA0.6,4
452,1,S_LFM_DUH_H4,SA0.6,4
453,1,S_LFM_DUH_H5,SA0.6,4
454,1,S_LFM_DUH_H6,SA1.0,4
455,1,S_LFM_DUH_H7,SA1.0,4
456,1,S_LFM_DUH_H8,SA1.0,4
457,1,S_LFM_DUH_H9,SA1.0,4
458,1,S_LFM_DUM_H1,PGA,4
459,1,S_LFM_DUM_H10,SA1.0,4
460,1,S_LFM_DUM_H11,SA1.0,4
461,1,S_LFM_DUM_H12,SA1.0,4
462,1,S_LFM_DUM_H2,SA0.SA0.6,4
463,1,S_LFM_DUM_H3,SA0.6,4
464,1,S_LFM_DUM_H4,SA0.6,4
465,1,S_LFM_DUM_H5,SA1.0,4
466,1,S_LFM_DUM_H6,SA1.0,4
467,1,S_LFM_DUM_H7,SA1.0,4
468,1,S_LFM_DUM_H8,SA1.0,4
469,1,S_LFM_DUM_H9,SA1.0,4
470,1,S_LWAL_DUH_H1,PGA,4
471,1,S_LWAL_DUH_H10,SA0.6,4
472,1,S_LWAL_DUH_H11,SA0.6,4
473,1,S_LWAL_DUH_H12,SA0.6,4
474,1,S_LWAL_DUH_H2,PGA,4
475,1,S_LWAL_DUH_H3,SA0.SA0.6,4
476,1,S_LWAL_DUH_H4,SA0.SA0.6,4
477,1,S_LWAL_DUH_H5,SA0.6,4
478,1,S_LWAL_DUH_H6,SA0.6,4
479,1,S_LWAL_DUH_H7,SA0.6,4
480,1,S_LWAL_DUH_H8,SA0.6,4
481,1,S_LWAL_DUH_H9,SA0.6,4
482,1,S_LWAL_DUM_H1,PGA,4
483,1,S_LWAL_DUM_H10,SA0.6,4
484,1,S_LWAL_DUM_H11,SA0.6,4
485,1,S_LWAL_DUM_H12,SA1.0,4
486,1,S_LWAL_DUM_H2,PGA,4
487,1,S_LWAL_DUM_H3,SA0.SA0.6,4
488,1,S_LWAL_DUM_H4,SA0.SA0.6,4
489,1,S_LWAL_DUM_H5,SA0.6,4
490,1,S_LWAL_DUM_H6,SA0.6,4
491,1,S_LWAL_DUM_H7,SA0.6,4
492,1,S_LWAL_DUM_H8,SA0.6,4
493,1,S_LWAL_DUM_H9,SA0.6,4
494,1,W_LFM_DUH_H1,PGA,4
495,1,W_LFM_DUH_H2,SA0.SA0.6,4
496,1,W_LFM_DUH_H3,SA0.SA0.6,4
497,1,W_LFM_DUH_H4,SA0.6,4
498,1,W_LFM_DUH_H5,SA0.6,4
499,1,W_LFM_DUH_H6,SA0.6,4
500,1,W_LFM_DUL_H1,PGA,4
501,1,W_LFM_DUL_H2,SA0.SA0.6,4
502,1,W_LFM_DUL_H3,SA0.6,4
503,1,W_LFM_DUL_H4,SA0.6,4
504,1,W_LFM_DUL_H5,SA0.6,4
505,1,W_LFM_DUL_H6,SA0.6,4
506,1,W_LFM_DUM_H1,PGA,4
507,1,W_LFM_DUM_H2,SA0.SA0.6,4
508,1,W_LFM_DUM_H3,SA0.SA0.6,4
509,1,W_LFM_DUM_H4,SA0.6,4
510,1,W_LFM_DUM_H5,SA0.6,4
511,1,W_LFM_DUM_H6,SA0.6,4
512,2,CR_LDUAL_DUH_H1,PGA,4
513,2,CR_LDUAL_DUH_H2,SA0.SA0.6,4
514,2,CR_LDUAL_DUH_H3,SA0.SA0.6,4
515,2,CR_LDUAL_DUH_H4,SA0.SA0.6,4
516,2,CR_LDUAL_DUH_H5,SA0.6,4
517,2,CR_LDUAL_DUH_H6,SA0.6,4
518,2,CR_LDUAL_DUH_H7,SA0.6,4
519,2,CR_LDUAL_DUH_H8,SA0.6,4
520,2,CR_LDUAL_DUH_H9,SA1.0,4
521,2,CR_LDUAL_DUH_H10,SA1.0,4
522,2,CR_LDUAL_DUH_H11,SA1.0,4
523,2,CR_LDUAL_DUH_H12,SA1.0,4
524,2,CR_LDUAL_DUL_H1,PGA,4
525,2,CR_LDUAL_DUL_H2,SA0.SA0.6,4
526,2,CR_LDUAL_DUL_H3,SA0.SA0.6,4
527,2,CR_LDUAL_DUL_H4,SA0.SA0.6,4
528,2,CR_LDUAL_DUL_H5,SA0.6,4
529,2,CR_LDUAL_DUL_H6,SA0.6,4
530,2,CR_LDUAL_DUL_H7,SA0.6,4
531,2,CR_LDUAL_DUL_H8,SA1.0,4
532,2,CR_LDUAL_DUL_H9,SA1.0,4
533,2,CR_LDUAL_DUL_H10,SA1.0,4
534,2,CR_LDUAL_DUL_H11,SA1.0,4
535,2,CR_LDUAL_DUL_H12,SA1.0,4
536,2,CR_LDUAL_DUM_H1,PGA,4
537,2,CR_LDUAL_DUM_H2,SA0.SA0.6,4
538,2,CR_LDUAL_DUM_H3,SA0.SA0.6,4
539,2,CR_LDUAL_DUM_H4,SA0.SA0.6,4
540,2,CR_LDUAL_DUM_H5,SA0.6,4
541,2,CR_LDUAL_DUM_H6,SA0.6,4
542,2,CR_LDUAL_DUM_H7,SA0.6,4
543,2,CR_LDUAL_DUM_H8,SA0.6,4
544,2,CR_LDUAL_DUM_H9,SA1.0,4
545,2,CR_LDUAL_DUM_H10,SA1.0,4
546,2,CR_LDUAL_DUM_H11,SA1.0,4
547,2,CR_LDUAL_DUM_H12,SA1.0,4
548,2,CR_LFINF_DUH_H1,PGA,4
549,2,CR_LFINF_DUH_H2,SA0.SA0.6,4
550,2,CR_LFINF_DUH_H3,SA0.SA0.6,4
551,2,CR_LFINF_DUH_H4,SA0.6,4
552,2,CR_LFINF_DUH_H5,SA0.6,4
553,2,CR_LFINF_DUH_H6,SA0.6,4
554,2,CR_LFINF_DUH_H7,SA1.0,4
555,2,CR_LFINF_DUH_H8,SA1.0,4
556,2,CR_LFINF_DUH_H9,SA1.0,4
557,2,CR_LFINF_DUH_H10,SA1.0,4
558,2,CR_LFINF_DUL_H1,PGA,4
559,2,CR_LFINF_DUL_H1_CCA,PGA,4
560,2,CR_LFINF_DUL_H1_SOS,PGA,4
561,2,CR_LFINF_DUL_H2,SA0.SA0.6,4
562,2,CR_LFINF_DUL_H2_CCA,SA0.SA0.6,4
563,2,CR_LFINF_DUL_H2_SOS,SA0.SA0.6,4
564,2,CR_LFINF_DUL_H3,SA0.SA0.6,4
565,2,CR_LFINF_DUL_H3_CCA,SA0.SA0.6,4
566,2,CR_LFINF_DUL_H3_SOS,SA0.SA0.6,4
567,2,CR_LFINF_DUL_H4,SA0.6,4
568,2,CR_LFINF_DUL_H4_CCA,SA0.6,4
569,2,CR_LFINF_DUL_H4_SOS,SA0.6,4
570,2,CR_LFINF_DUL_H5,SA0.6,4
571,2,CR_LFINF_DUL_H5_CCA,SA0.6,4
572,2,CR_LFINF_DUL_H5_SOS,SA0.6,4
573,2,CR_LFINF_DUL_H6,SA0.6,4
574,2,CR_LFINF_DUL_H6_CCA,SA0.6,4
575,2,CR_LFINF_DUL_H6_SOS,SA0.6,4
576,2,CR_LFINF_DUL_H7,SA1.0,4
577,2,CR_LFINF_DUL_H7_CCA,SA1.0,4
578,2,CR_LFINF_DUL_H7_SOS,SA1.0,4
579,2,CR_LFINF_DUL_H8,SA1.0,4
580,2,CR_LFINF_DUL_H8_CCA,SA1.0,4
581,2,CR_LFINF_DUL_H8_SOS,SA1.0,4
582,2,CR_LFINF_DUL_H9,SA1.0,4
583,2,CR_LFINF_DUL_H9_CCA,SA1.0,4
584,2,CR_LFINF_DUL_H9_SOS,SA1.0,4
585,2,CR_LFINF_DUL_H10,SA1.0,4
586,2,CR_LFINF_DUL_H10_CCA,SA1.0,4
587,2,CR_LFINF_DUL_H10_SOS,SA1.0,4
588,2,CR_LFINF_DUM_H1,PGA,4
589,2,CR_LFINF_DUM_H2,SA0.SA0.6,4
590,2,CR_LFINF_DUM_H3,SA0.SA0.6,4
591,2,CR_LFINF_DUM_H4,SA0.6,4
592,2,CR_LFINF_DUM_H5,SA0.6,4
593,2,CR_LFINF_DUM_H6,SA0.6,4
594,2,CR_LFINF_DUM_H7,SA1.0,4
595,2,CR_LFINF_DUM_H8,SA1.0,4
596,2,CR_LFINF_DUM_H9,SA1.0,4
597,2,CR_LFINF_DUM_H10,SA1.0,4
598,2,CR_LFM_DUH_H1,SA0.SA0.6,4
599,2,CR_LFM_DUH_H2,SA0.SA0.6,4
600,2,CR_LFM_DUH_H3,SA0.6,4
601,2,CR_LFM_DUH_H4,SA0.6,4
602,2,CR_LFM_DUH_H5,SA1.0,4
603,2,CR_LFM_DUH_H6,SA1.0,4
604,2,CR_LFM_DUH_H7,SA1.0,4
605,2,CR_LFM_DUH_H8,SA1.0,4
606,2,CR_LFM_DUH_H9,SA1.0,4
607,2,CR_LFM_DUH_H10,SA1.0,4
608,2,CR_LFM_DUL_H1,SA0.SA0.6,4
609,2,CR_LFM_DUL_H2,SA0.6,4
610,2,CR_LFM_DUL_H3,SA1.0,4
611,2,CR_LFM_DUL_H4,SA1.0,4
612,2,CR_LFM_DUL_H5,SA1.0,4
613,2,CR_LFM_DUL_H6,SA1.0,4
614,2,CR_LFM_DUL_H7,SA1.0,4
615,2,CR_LFM_DUL_H8,SA1.0,4
616,2,CR_LFM_DUL_H9,SA1.0,4
617,2,CR_LFM_DUL_H10,SA1.0,4
618,2,CR_LFM_DUM_H1,SA0.SA0.6,4
619,2,CR_LFM_DUM_H2,SA0.SA0.6,4
620,2,CR_LFM_DUM_H3,SA0.6,4
621,2,CR_LFM_DUM_H4,SA0.6,4
622,2,CR_LFM_DUM_H5,SA1.0,4
623,2,CR_LFM_DUM_H6,SA1.0,4
624,2,CR_LFM_DUM_H7,SA1.0,4
625,2,CR_LFM_DUM_H8,SA1.0,4
626,2,CR_LFM_DUM_H9,SA1.0,4
627,2,CR_LFM_DUM_H10,SA1.0,4
628,2,CR_LPB_DUH_H4,SA0.SA0.6,4
629,2,CR_LPB_DUH_H5,SA0.SA0.6,4
630,2,CR_LPB_DUH_H6,SA0.SA0.6,4
631,2,CR_LPB_DUH_H7,SA0.SA0.6,4
632,2,CR_LPB_DUH_H8,SA0.6,4
633,2,CR_LPB_DUH_H9,SA0.6,4
634,2,CR_LPB_DUL_H4,SA0.SA0.6,4
635,2,CR_LPB_DUL_H5,SA0.SA0.6,4
636,2,CR_LPB_DUL_H6,SA0.SA0.6,4
637,2,CR_LPB_DUL_H7,SA0.SA0.6,4
638,2,CR_LPB_DUL_H8,SA0.6,4
639,2,CR_LPB_DUL_H9,SA0.6,4
640,2,CR_LPB_DUM_H4,SA0.SA0.6,4
641,2,CR_LPB_DUM_H5,SA0.SA0.6,4
642,2,CR_LPB_DUM_H6,SA0.SA0.6,4
643,2,CR_LPB_DUM_H7,SA0.SA0.6,4
644,2,CR_LPB_DUM_H8,SA0.6,4
645,2,CR_LPB_DUM_H9,SA0.6,4
646,2,CR_LWAL_DUH_H1,PGA,4
647,2,CR_LWAL_DUH_H2,SA0.SA0.6,4
648,2,CR_LWAL_DUH_H3,SA0.SA0.6,4
649,2,CR_LWAL_DUH_H4,SA0.SA0.6,4
650,2,CR_LWAL_DUH_H5,SA0.SA0.6,4
651,2,CR_LWAL_DUH_H6,SA0.6,4
652,2,CR_LWAL_DUH_H7,SA0.6,4
653,2,CR_LWAL_DUH_H8,SA0.6,4
654,2,CR_LWAL_DUH_H9,SA0.6,4
655,2,CR_LWAL_DUH_H10,SA0.6,4
656,2,CR_LWAL_DUH_H11,SA1.0,4
657,2,CR_LWAL_DUH_H12,SA1.0,4
658,2,CR_LWAL_DUH_H13,SA1.0,4
659,2,CR_LWAL_DUH_H14,SA1.0,4
660,2,CR_LWAL_DUH_H15,SA1.0,4
661,2,CR_LWAL_DUH_H16,SA1.0,4
662,2,CR_LWAL_DUH_H17,SA1.0,4
663,2,CR_LWAL_DUH_H18,SA1.0,4
664,2,CR_LWAL_DUH_H19,SA1.0,4
665,2,CR_LWAL_DUH_H20,SA1.0,4
666,2,CR_LWAL_DUL_H1,PGA,4
667,2,CR_LWAL_DUL_H2,SA0.SA0.6,4
668,2,CR_LWAL_DUL_H3,SA0.SA0.6,4
669,2,CR_LWAL_DUL_H4,SA0.SA0.6,4
670,2,CR_LWAL_DUL_H5,SA0.SA0.6,4
671,2,CR_LWAL_DUL_H6,SA0.6,4
672,2,CR_LWAL_DUL_H7,SA0.6,4
673,2,CR_LWAL_DUL_H8,SA0.6,4
674,2,CR_LWAL_DUL_H9,SA0.6,4
675,2,CR_LWAL_DUL_H10,SA1.0,4
676,2,CR_LWAL_DUL_H11,SA1.0,4
677,2,CR_LWAL_DUL_H12,SA1.0,4
678,2,CR_LWAL_DUM_H1,PGA,4
679,2,CR_LWAL_DUM_H2,SA0.SA0.6,4
680,2,CR_LWAL_DUM_H3,SA0.SA0.6,4
681,2,CR_LWAL_DUM_H4,SA0.SA0.6,4
682,2,CR_LWAL_DUM_H5,SA0.SA0.6,4
683,2,CR_LWAL_DUM_H6,SA0.6,4
684,2,CR_LWAL_DUM_H7,SA0.6,4
685,2,CR_LWAL_DUM_H8,SA0.6,4
686,2,CR_LWAL_DUM_H9,SA0.6,4
687,2,CR_LWAL_DUM_H10,SA1.0,4
688,2,CR_LWAL_DUM_H11,SA1.0,4
689,2,CR_LWAL_DUM_H12,SA1.0,4
690,2,CR_LWAL_DUM_H13,SA1.0,4
691,2,CR_LWAL_DUM_H14,SA1.0,4
692,2,CR_LWAL_DUM_H15,SA1.0,4
693,2,CR_LWAL_DUM_H16,SA1.0,4
694,2,CR_LWAL_DUM_H17,SA1.0,4
695,2,CR_LWAL_DUM_H18,SA1.0,4
696,2,CR_LWAL_DUM_H19,SA1.0,4
697,2,CR_LWAL_DUM_H20,SA1.0,4
698,2,MCF_LWAL_DUH_H1,PGA,4
699,2,MCF_LWAL_DUH_H2,SA0.SA0.6,4
700,2,MCF_LWAL_DUH_H3,SA0.SA0.6,4
701,2,MCF_LWAL_DUH_H4,SA0.6,4
702,2,MCF_LWAL_DUH_H5,SA0.6,4
703,2,MCF_LWAL_DUH_H6,SA0.6,4
704,2,MCF_LWAL_DUL_H1,PGA,4
705,2,MCF_LWAL_DUL_H1_CCA,PGA,4
706,2,MCF_LWAL_DUL_H2,SA0.SA0.6,4
707,2,MCF_LWAL_DUL_H2_CCA,SA0.SA0.6,4
708,2,MCF_LWAL_DUL_H3,SA0.SA0.6,4
709,2,MCF_LWAL_DUL_H3_CCA,SA0.SA0.6,4
710,2,MCF_LWAL_DUL_H4,SA0.6,4
711,2,MCF_LWAL_DUL_H4_CCA,SA0.6,4
712,2,MCF_LWAL_DUL_H5,SA0.6,4
713,2,MCF_LWAL_DUL_H5_CCA,SA0.6,4
714,2,MCF_LWAL_DUL_H6,SA0.6,4
715,2,MCF_LWAL_DUL_H6_CCA,SA0.6,4
716,2,MCF_LWAL_DUM_H1,PGA,4
717,2,MCF_LWAL_DUM_H1_CCA,PGA,4
718,2,MCF_LWAL_DUM_H2,SA0.SA0.6,4
719,2,MCF_LWAL_DUM_H2_CCA,SA0.SA0.6,4
720,2,MCF_LWAL_DUM_H3,SA0.SA0.6,4
721,2,MCF_LWAL_DUM_H3_CCA,SA0.SA0.6,4
722,2,MCF_LWAL_DUM_H4,SA0.6,4
723,2,MCF_LWAL_DUM_H4_CCA,SA0.6,4
724,2,MCF_LWAL_DUM_H5,SA0.6,4
725,2,MCF_LWAL_DUM_H5_CCA,SA0.6,4
726,2,MCF_LWAL_DUM_H6,SA0.6,4
727,2,MCF_LWAL_DUM_H6_CCA,SA0.6,4
728,2,MR_LWAL_DUH_H1,PGA,4
729,2,MR_LWAL_DUH_H2,SA0.SA0.6,4
730,2,MR_LWAL_DUH_H3,SA0.SA0.6,4
731,2,MR_LWAL_DUH_H4,SA0.6,4
732,2,MR_LWAL_DUH_H5,SA0.6,4
733,2,MR_LWAL_DUL_H1,PGA,4
734,2,MR_LWAL_DUL_H1_CCA,SA0.SA0.6,4
735,2,MR_LWAL_DUL_H2,SA0.SA0.6,4
736,2,MR_LWAL_DUL_H2_CCA,SA0.SA0.6,4
737,2,MR_LWAL_DUL_H3,SA0.SA0.6,4
738,2,MR_LWAL_DUL_H3_CCA,SA0.SA0.6,4
739,2,MR_LWAL_DUL_H4,SA0.6,4
740,2,MR_LWAL_DUL_H4_CCA,SA0.6,4
741,2,MR_LWAL_DUL_H5,SA0.6,4
742,2,MR_LWAL_DUL_H5_CCA,SA0.6,4
743,2,MR_LWAL_DUM_H1,SA0.SA0.6,4
744,2,MR_LWAL_DUM_H2,SA0.SA0.6,4
745,2,MR_LWAL_DUM_H3,SA0.SA0.6,4
746,2,MR_LWAL_DUM_H4,SA0.6,4
747,2,MR_LWAL_DUM_H5,SA0.6,4
748,2,MUR_LWAL_DNO_H1,SA0.SA0.6,4
749,2,MUR_LWAL_DNO_H1_Ferrocement,PGA,4
750,2,MUR_LWAL_DNO_H1_FRP,SA0.SA0.6,4
751,2,MUR_LWAL_DNO_H1_PP_band,SA0.SA0.6,4
752,2,MUR_LWAL_DNO_H1_SAM,SA0.SA0.6,4
753,2,MUR_LWAL_DNO_H1_Steel_band,SA0.SA0.6,4
754,2,MUR_LWAL_DNO_H2,SA0.SA0.6,4
755,2,MUR_LWAL_DNO_H2_Ferrocement,SA0.SA0.6,4
756,2,MUR_LWAL_DNO_H2_FRP,SA0.SA0.6,4
757,2,MUR_LWAL_DNO_H2_PP_band,SA0.SA0.6,4
758,2,MUR_LWAL_DNO_H2_SAM,SA0.SA0.6,4
759,2,MUR_LWAL_DNO_H2_Steel_band,SA0.SA0.6,4
760,2,MUR_LWAL_DNO_H3,SA0.SA0.6,4
761,2,MUR_LWAL_DNO_H3_Ferrocement,SA0.SA0.6,4
762,2,MUR_LWAL_DNO_H3_FRP,SA0.SA0.6,4
763,2,MUR_LWAL_DNO_H3_PP_band,SA0.SA0.6,4
764,2,MUR_LWAL_DNO_H3_SAM,SA0.SA0.6,4
765,2,MUR_LWAL_DNO_H3_Steel_band,SA0.SA0.6,4
766,2,MUR_LWAL_DNO_H4,SA0.6,4
767,2,MUR_LWAL_DNO_H4_SAM,SA0.6,4
768,2,MUR_LWAL_DNO_H5,SA0.6,4
769,2,MUR_LWAL_DNO_H5_SAM,SA0.6,4
770,2,MUR_ADO_LWAL_DNO_H1,SA0.SA0.6,4
771,2,MUR_ADO_LWAL_DNO_H1_CCA,SA0.SA0.6,4
772,2,MUR_ADO_LWAL_DNO_H1_External_steel_bars,SA0.SA0.6,4
773,2,MUR_ADO_LWAL_DNO_H1_External_steel_mesh,SA0.SA0.6,4
774,2,MUR_ADO_LWAL_DNO_H1_External_synthetic_mesh,SA0.SA0.6,4
775,2,MUR_ADO_LWAL_DNO_H1_SAM,SA0.SA0.6,4
776,2,MUR_ADO_LWAL_DNO_H1_Timber_confinement,PGA,4
777,2,MUR_ADO_LWAL_DNO_H2,SA0.SA0.6,4
778,2,MUR_ADO_LWAL_DNO_H2_CCA,SA0.SA0.6,4
779,2,MUR_ADO_LWAL_DNO_H2_External_steel_bars,SA0.SA0.6,4
780,2,MUR_ADO_LWAL_DNO_H2_External_steel_mesh,SA0.SA0.6,4
781,2,MUR_ADO_LWAL_DNO_H2_External_synthetic_mesh,SA0.SA0.6,4
782,2,MUR_ADO_LWAL_DNO_H2_SAM,SA0.SA0.6,4
783,2,MUR_ADO_LWAL_DNO_H2_Timber_confinement,SA0.SA0.6,4
784,2,MUR_ADO_LWAL_DNO_H3,SA0.6,4
785,2,MUR_ADO_LWAL_DNO_H3_CCA,SA0.6,4
786,2,MUR_ADO_LWAL_DNO_H3_SAM,SA0.6,4
787,2,MUR_CB99_LWAL_DNO_H1,SA0.SA0.6,4
788,2,MUR_CB99_LWAL_DNO_H2,SA0.SA0.6,4
789,2,MUR_CB99_LWAL_DNO_H3,SA0.SA0.6,4
790,2,MUR_CB99_LWAL_DNO_H4,SA0.6,4
791,2,MUR_CB99_LWAL_DNO_H5,SA0.6,4
792,2,MUR_CL99_LWAL_DNO_H1,SA0.SA0.6,4
793,2,MUR_CL99_LWAL_DNO_H2,SA0.SA0.6,4
794,2,MUR_CL99_LWAL_DNO_H3,SA0.SA0.6,4
795,2,MUR_CL99_LWAL_DNO_H4,SA0.6,4
796,2,MUR_CL99_LWAL_DNO_H5,SA0.6,4
797,2,MUR_STDRE_LWAL_DNO_H1,SA0.SA0.6,4
798,2,MUR_STDRE_LWAL_DNO_H2,SA0.SA0.6,4
799,2,MUR_STDRE_LWAL_DNO_H3,SA0.SA0.6,4
800,2,MUR_STDRE_LWAL_DNO_H4,SA0.6,4
801,2,MUR_STDRE_LWAL_DNO_H5,SA0.6,4
802,2,MUR_STRUB_LWAL_DNO_H1,PGA,4
803,2,MUR_STRUB_LWAL_DNO_H2,SA0.SA0.6,4
804,2,MUR_STRUB_LWAL_DNO_H3,SA0.SA0.6,4
805,2,MUR_STRUB_LWAL_DNO_H4,SA0.6,4
806,2,MUR_STRUB_LWAL_DNO_H5,SA0.6,4
807,2,S_LFBR_DUH_H1,SA0.SA0.6,4
808,2,S_LFBR_DUH_H2,SA0.SA0.6,4
809,2,S_LFBR_DUH_H3,SA0.SA0.6,4
810,2,S_LFBR_DUH_H4,SA0.6,4
811,2,S_LFBR_DUH_H5,SA0.6,4
812,2,S_LFBR_DUH_H6,SA0.6,4
813,2,S_LFBR_DUH_H7,SA0.6,4
814,2,S_LFBR_DUH_H8,SA1.0,4
815,2,S_LFBR_DUH_H9,SA1.0,4
816,2,S_LFBR_DUH_H10,SA1.0,4
817,2,S_LFBR_DUH_H11,SA1.0,4
818,2,S_LFBR_DUH_H12,SA1.0,4
819,2,S_LFBR_DUH_H13,SA1.0,4
820,2,S_LFBR_DUH_H14,SA1.0,4
821,2,S_LFBR_DUH_H15,SA1.0,4
822,2,S_LFBR_DUH_H16,SA1.0,4
823,2,S_LFBR_DUH_H17,SA1.0,4
824,2,S_LFBR_DUH_H18,SA1.0,4
825,2,S_LFBR_DUH_H19,SA1.0,4
826,2,S_LFBR_DUH_H20,SA1.0,4
827,2,S_LFBR_DUH_H25,SA1.0,4
828,2,S_LFBR_DUH_H30,SA1.0,4
829,2,S_LFBR_DUH_H35,SA1.0,4
830,2,S_LFBR_DUL_H1,SA0.SA0.6,4
831,2,S_LFBR_DUL_H2,SA0.SA0.6,4
832,2,S_LFBR_DUL_H3,SA0.6,4
833,2,S_LFBR_DUL_H4,SA0.6,4
834,2,S_LFBR_DUL_H5,SA0.6,4
835,2,S_LFBR_DUL_H6,SA1.0,4
836,2,S_LFBR_DUL_H7,SA1.0,4
837,2,S_LFBR_DUL_H8,SA1.0,4
838,2,S_LFBR_DUL_H9,SA1.0,4
839,2,S_LFBR_DUL_H10,SA1.0,4
840,2,S_LFBR_DUL_H11,SA1.0,4
841,2,S_LFBR_DUL_H12,SA1.0,4
842,2,S_LFBR_DUL_H13,SA1.0,4
843,2,S_LFBR_DUL_H14,SA1.0,4
844,2,S_LFBR_DUL_H15,SA1.0,4
845,2,S_LFBR_DUL_H16,SA1.0,4
846,2,S_LFBR_DUL_H17,SA1.0,4
847,2,S_LFBR_DUL_H18,SA1.0,4
848,2,S_LFBR_DUL_H19,SA1.0,4
849,2,S_LFBR_DUL_H20,SA1.0,4
850,2,S_LFBR_DUL_H25,SA1.0,4
851,2,S_LFBR_DUL_H30,SA1.0,4
852,2,S_LFBR_DUL_H35,SA1.0,4
853,2,S_LFBR_DUM_H1,SA0.SA0.6,4
854,2,S_LFBR_DUM_H2,SA0.SA0.6,4
855,2,S_LFBR_DUM_H3,SA0.SA0.6,4
856,2,S_LFBR_DUM_H4,SA0.6,4
857,2,S_LFBR_DUM_H5,SA0.6,4
858,2,S_LFBR_DUM_H6,SA0.6,4
859,2,S_LFBR_DUM_H7,SA0.6,4
860,2,S_LFBR_DUM_H8,SA1.0,4
861,2,S_LFBR_DUM_H9,SA1.0,4
862,2,S_LFBR_DUM_H10,SA1.0,4
863,2,S_LFBR_DUM_H11,SA1.0,4
864,2,S_LFBR_DUM_H12,SA1.0,4
865,2,S_LFBR_DUM_H13,SA1.0,4
866,2,S_LFBR_DUM_H14,SA1.0,4
867,2,S_LFBR_DUM_H15,SA1.0,4
868,2,S_LFBR_DUM_H16,SA1.0,4
869,2,S_LFBR_DUM_H17,SA1.0,4
870,2,S_LFBR_DUM_H18,SA1.0,4
871,2,S_LFBR_DUM_H19,SA1.0,4
872,2,S_LFBR_DUM_H20,SA1.0,4
873,2,S_LFBR_DUM_H25,SA1.0,4
874,2,S_LFBR_DUM_H30,SA1.0,4
875,2,S_LFBR_DUM_H35,SA1.0,4
876,2,S_LFINF_DUH_H1,PGA,4
877,2,S_LFINF_DUH_H2,SA0.SA0.6,4
878,2,S_LFINF_DUH_H3,SA0.SA0.6,4
879,2,S_LFINF_DUH_H4,SA0.SA0.6,4
880,2,S_LFINF_DUH_H5,SA0.SA0.6,4
881,2,S_LFINF_DUH_H6,SA0.6,4
882,2,S_LFINF_DUH_H7,SA0.6,4
883,2,S_LFINF_DUH_H8,SA0.6,4
884,2,S_LFINF_DUH_H9,SA0.6,4
885,2,S_LFINF_DUH_H10,SA0.6,4
886,2,S_LFINF_DUH_H11,SA0.6,4
887,2,S_LFINF_DUH_H12,SA1.0,4
888,2,S_LFINF_DUL_H1,PGA,4
889,2,S_LFINF_DUL_H2,SA0.SA0.6,4
890,2,S_LFINF_DUL_H3,SA0.SA0.6,4
891,2,S_LFINF_DUL_H4,SA0.SA0.6,4
892,2,S_LFINF_DUL_H5,SA0.SA0.6,4
893,2,S_LFINF_DUL_H6,SA0.6,4
894,2,S_LFINF_DUL_H7,SA0.6,4
895,2,S_LFINF_DUL_H8,SA0.6,4
896,2,S_LFINF_DUL_H9,SA0.6,4
897,2,S_LFINF_DUL_H10,SA0.6,4
898,2,S_LFINF_DUL_H11,SA0.6,4
899,2,S_LFINF_DUL_H12,SA1.0,4
900,2,S_LFINF_DUM_H1,PGA,4
901,2,S_LFINF_DUM_H2,SA0.SA0.6,4
902,2,S_LFINF_DUM_H3,SA0.SA0.6,4
903,2,S_LFINF_DUM_H4,SA0.SA0.6,4
904,2,S_LFINF_DUM_H5,SA0.SA0.6,4
905,2,S_LFINF_DUM_H6,SA0.6,4
906,2,S_LFINF_DUM_H7,SA0.6,4
907,2,S_LFINF_DUM_H8,SA0.6,4
908,2,S_LFINF_DUM_H9,SA0.6,4
909,2,S_LFINF_DUM_H10,SA0.6,4
910,2,S_LFINF_DUM_H11,SA0.6,4
911,2,S_LFINF_DUM_H12,SA1.0,4
912,2,S_LFM_DUH_H1,SA0.SA0.6,4
913,2,S_LFM_DUH_H2,SA0.SA0.6,4
914,2,S_LFM_DUH_H3,SA0.6,4
915,2,S_LFM_DUH_H4,SA0.6,4
916,2,S_LFM_DUH_H5,SA0.6,4
917,2,S_LFM_DUH_H6,SA1.0,4
918,2,S_LFM_DUH_H7,SA1.0,4
919,2,S_LFM_DUH_H8,SA1.0,4
920,2,S_LFM_DUH_H9,SA1.0,4
921,2,S_LFM_DUH_H10,SA1.0,4
922,2,S_LFM_DUH_H11,SA1.0,4
923,2,S_LFM_DUH_H12,SA1.0,4
924,2,S_LFM_DUH_H13,SA1.0,4
925,2,S_LFM_DUH_H14,SA1.0,4
926,2,S_LFM_DUH_H15,SA1.0,4
927,2,S_LFM_DUH_H16,SA1.0,4
928,2,S_LFM_DUH_H17,SA1.0,4
929,2,S_LFM_DUH_H18,SA1.0,4
930,2,S_LFM_DUH_H19,SA1.0,4
931,2,S_LFM_DUH_H20,SA1.0,4
932,2,S_LFM_DUH_H25,SA1.0,4
933,2,S_LFM_DUH_H30,SA1.0,4
934,2,S_LFM_DUH_H35,SA1.0,4
935,2,S_LFM_DUL_H1,SA0.SA0.6,4
936,2,S_LFM_DUL_H2,SA0.SA0.6,4
937,2,S_LFM_DUL_H3,SA0.6,4
938,2,S_LFM_DUL_H4,SA0.6,4
939,2,S_LFM_DUL_H5,SA0.6,4
940,2,S_LFM_DUL_H6,SA1.0,4
941,2,S_LFM_DUL_H7,SA1.0,4
942,2,S_LFM_DUL_H8,SA1.0,4
943,2,S_LFM_DUL_H9,SA1.0,4
944,2,S_LFM_DUL_H10,SA1.0,4
945,2,S_LFM_DUL_H11,SA1.0,4
946,2,S_LFM_DUL_H12,SA1.0,4
947,2,S_LFM_DUL_H13,SA1.0,4
948,2,S_LFM_DUL_H14,SA1.0,4
949,2,S_LFM_DUL_H15,SA1.0,4
950,2,S_LFM_DUL_H16,SA1.0,4
951,2,S_LFM_DUL_H17,SA1.0,4
952,2,S_LFM_DUL_H18,SA1.0,4
953,2,S_LFM_DUL_H19,SA1.0,4
954,2,S_LFM_DUL_H20,SA1.0,4
955,2,S_LFM_DUL_H25,SA1.0,4
956,2,S_LFM_DUL_H30,SA1.0,4
957,2,S_LFM_DUL_H35,SA1.0,4
958,2,S_LFM_DUM_H1,SA0.SA0.6,4
959,2,S_LFM_DUM_H2,SA0.SA0.6,4
960,2,S_LFM_DUM_H3,SA0.6,4
961,2,S_LFM_DUM_H4,SA0.6,4
962,2,S_LFM_DUM_H5,SA0.6,4
963,2,S_LFM_DUM_H6,SA1.0,4
964,2,S_LFM_DUM_H7,SA1.0,4
965,2,S_LFM_DUM_H8,SA1.0,4
966,2,S_LFM_DUM_H9,SA1.0,4
967,2,S_LFM_DUM_H10,SA1.0,4
968,2,S_LFM_DUM_H11,SA1.0,4
969,2,S_LFM_DUM_H12,SA1.0,4
970,2,S_LFM_DUM_H13,SA1.0,4
971,2,S_LFM_DUM_H14,SA1.0,4
972,2,S_LFM_DUM_H15,SA1.0,4
973,2,S_LFM_DUM_H16,SA1.0,4
974,2,S_LFM_DUM_H17,SA1.0,4
975,2,S_LFM_DUM_H18,SA1.0,4
976,2,S_LFM_DUM_H19,SA1.0,4
977,2,S_LFM_DUM_H20,SA1.0,4
978,2,S_LFM_DUM_H25,SA1.0,4
979,2,S_LFM_DUM_H30,SA1.0,4
980,2,S_LFM_DUM_H35,SA1.0,4
981,2,S_LWAL_DUH_H1,PGA,4
982,2,S_LWAL_DUH_H2,SA0.SA0.6,4
983,2,S_LWAL_DUH_H3,SA0.SA0.6,4
984,2,S_LWAL_DUH_H4,SA0.SA0.6,4
985,2,S_LWAL_DUH_H5,SA0.SA0.6,4
986,2,S_LWAL_DUH_H6,SA0.SA0.6,4
987,2,S_LWAL_DUH_H7,SA0.6,4
988,2,S_LWAL_DUH_H8,SA0.6,4
989,2,S_LWAL_DUH_H9,SA0.6,4
990,2,S_LWAL_DUH_H10,SA0.6,4
991,2,S_LWAL_DUH_H11,SA0.6,4
992,2,S_LWAL_DUH_H12,SA0.6,4
993,2,S_LWAL_DUL_H1,PGA,4
994,2,S_LWAL_DUL_H2,SA0.SA0.6,4
995,2,S_LWAL_DUL_H3,SA0.SA0.6,4
996,2,S_LWAL_DUL_H4,SA0.SA0.6,4
997,2,S_LWAL_DUL_H5,SA0.SA0.6,4
998,2,S_LWAL_DUL_H6,SA0.SA0.6,4
999,2,S_LWAL_DUL_H7,SA0.6,4
1000,2,S_LWAL_DUL_H8,SA0.6,4
1001,2,S_LWAL_DUL_H9,SA0.6,4
1002,2,S_LWAL_DUL_H10,SA0.6,4
1003,2,S_LWAL_DUL_H11,SA0.6,4
1004,2,S_LWAL_DUL_H12,SA0.6,4
1005,2,S_LWAL_DUM_H1,PGA,4
1006,2,S_LWAL_DUM_H2,SA0.SA0.6,4
1007,2,S_LWAL_DUM_H3,SA0.SA0.6,4
1008,2,S_LWAL_DUM_H4,SA0.SA0.6,4
1009,2,S_LWAL_DUM_H5,SA0.SA0.6,4
1010,2,S_LWAL_DUM_H6,SA0.SA0.6,4
1011,2,S_LWAL_DUM_H7,SA0.6,4
1012,2,S_LWAL_DUM_H8,SA0.6,4
1013,2,S_LWAL_DUM_H9,SA0.6,4
1014,2,S_LWAL_DUM_H10,SA0.6,4
1015,2,S_LWAL_DUM_H11,SA0.6,4
1016,2,S_LWAL_DUM_H12,SA0.6,4
1017,2,SRC_LDUAL_DUH_H1,PGA,4
1018,2,SRC_LDUAL_DUH_H2,SA0.SA0.6,4
1019,2,SRC_LDUAL_DUH_H3,SA0.SA0.6,4
1020,2,SRC_LDUAL_DUH_H4,SA0.6,4
1021,2,SRC_LDUAL_DUH_H5,SA0.6,4
1022,2,SRC_LDUAL_DUH_H6,SA1.0,4
1023,2,SRC_LDUAL_DUH_H7,SA1.0,4
1024,2,SRC_LDUAL_DUH_H8,SA1.0,4
1025,2,SRC_LDUAL_DUH_H9,SA1.0,4
1026,2,SRC_LDUAL_DUH_H10,SA1.0,4
1027,2,SRC_LDUAL_DUH_H11,SA1.0,4
1028,2,SRC_LDUAL_DUH_H12,SA1.0,4
1029,2,SRC_LDUAL_DUH_H13,SA1.0,4
1030,2,SRC_LDUAL_DUH_H14,SA1.0,4
1031,2,SRC_LDUAL_DUH_H15,SA1.0,4
1032,2,SRC_LDUAL_DUM_H1,PGA,4
1033,2,SRC_LDUAL_DUM_H2,SA0.SA0.6,4
1034,2,SRC_LDUAL_DUM_H3,SA0.SA0.6,4
1035,2,SRC_LDUAL_DUM_H4,SA0.6,4
1036,2,SRC_LDUAL_DUM_H5,SA0.6,4
1037,2,SRC_LDUAL_DUM_H6,SA1.0,4
1038,2,SRC_LDUAL_DUM_H7,SA1.0,4
1039,2,SRC_LDUAL_DUM_H8,SA1.0,4
1040,2,SRC_LDUAL_DUM_H9,SA1.0,4
1041,2,SRC_LDUAL_DUM_H10,SA1.0,4
1042,2,SRC_LDUAL_DUM_H11,SA1.0,4
1043,2,SRC_LDUAL_DUM_H12,SA1.0,4
1044,2,SRC_LDUAL_DUM_H13,SA1.0,4
1045,2,SRC_LDUAL_DUM_H14,SA1.0,4
1046,2,SRC_LDUAL_DUM_H15,SA1.0,4
1047,2,W_LFM_DUH_H1,SA0.SA0.6,4
1048,2,W_LFM_DUH_H2,SA0.SA0.6,4
1049,2,W_LFM_DUH_H3,SA0.SA0.6,4
1050,2,W_LFM_DUH_H4,SA0.6,4
1051,2,W_LFM_DUH_H5,SA0.6,4
1052,2,W_LFM_DUH_H6,SA0.6,4
1053,2,W_LFM_DUL_H1,SA0.SA0.6,4
1054,2,W_LFM_DUL_H1_SOS,SA0.SA0.6,4
1055,2,W_LFM_DUL_H2,SA0.SA0.6,4
1056,2,W_LFM_DUL_H2_SOS,SA0.SA0.6,4
1057,2,W_LFM_DUL_H3,SA0.SA0.6,4
1058,2,W_LFM_DUL_H3_SOS,SA0.SA0.6,4
1059,2,W_LFM_DUL_H4,SA0.6,4
1060,2,W_LFM_DUL_H4_SOS,SA0.6,4
1061,2,W_LFM_DUL_H5,SA0.6,4
1062,2,W_LFM_DUL_H5_SOS,SA0.6,4
1063,2,W_LFM_DUL_H6,SA0.6,4
1064,2,W_LFM_DUL_H6_SOS,SA0.6,4
1065,2,W_LFM_DUM_H1,SA0.SA0.6,4
1066,2,W_LFM_DUM_H2,SA0.SA0.6,4
1067,2,W_LFM_DUM_H3,SA0.SA0.6,4
1068,2,W_LFM_DUM_H4,SA0.6,4
1069,2,W_LFM_DUM_H5,SA0.6,4
1070,2,W_LFM_DUM_H6,SA0.6,4
1071,2,W_WWD_LWAL_DNO_H1,SA0.SA0.6,4
1072,2,W_WWD_LWAL_DNO_H2,SA0.SA0.6,4
1073,3,MBr12,PGA,5
1074,3,MBr3+,PGA,5
1075,3,MSt12,PGA,5
1076,3,MSt3+,PGA,5
1077,3,RC3.1LL,PGA,5
1078,3,RC3.1ML,PGA,5
1079,3,RC3.1HL,PGA,5
1080,3,RC3.2LL,PGA,5
1081,3,RC3.2ML,PGA,5
1082,3,RC3.2HL,PGA,5
1083,3,RC4.2LL,PGA,5
1084,3,RC4.2ML,PGA,5
1085,3,RC4.2HL,PGA,5
1086,3,RC4.3LL,PGA,5
1087,3,RC4.3ML,PGA,5
1088,3,RC4.3HL,PGA,5
1089,3,RC3.1LN,PGA,5
1090,3,RC3.1MN,PGA,5
1091,3,RC3.1HN,PGA,5
1092,3,RC3.2LN,PGA,5
1093,3,RC3.2MN,PGA,5
1094,3,RC3.2HN,PGA,5
1095,3,RC4.2LN,PGA,5
1096,3,RC4.2MN,PGA,5
1097,3,RC4.2HN,PGA,5
1098,3,RC4.3LN,PGA,5
1099,3,RC4.3MN,PGA,5
1100,3,RC4.3HN,PGA,5
1101,4,Major_Road_HRD1,PGD,3
1102,4,Urban_Road_HRD2,PGD,3
1103,11,Bored_Drilled_HTU1,PGA,2
1104,11,Cut_&_Cover_HTU2,PGA,2
1105,11,Liner_Rock_tunnels,PGA,2
1106,11,Liner_Cut_&_Cover_tunnels,PGA,2
1107,12,Rock_tunnels_Good_quality_construction_,PGA,2
1108,12,Rock_tunnels_Poor_to_average_quality_construction,PGA,3
1109,13,Horse_shoe_type_Burial_depth_h_80m,PGA,2
1110,13,Horse_shoe_type_Burial_depth_h_200m,PGA,2
1111,13,Horse_shoe_type_Burial_depth_h_300m,PGA,2
1112,13,Horse_shoe_type_Burial_depth_h_400m,PGA,2
1113,7,Fuel_facilities_with_Anchored_Components_with_Backup_Power,PGA,4
1114,7,Fuel_facilities_with_Anchored_Components_without_Backup_Power,PGA,4
1115,7,Fuel_facilities_with_Unanchored_Components_with_Backup_Power,PGA,4
1116,7,Fuel_facilities_with_Unanchored_Components_without_Backup_Power,PGA,4
1117,7,Fuel_Facilities_with_Anchored_Components_Electric_Power_Backup,PGA,2
1118,7,Fuel_Facilities_with_Anchored_Components_Electric_Power_Off_Site,PGA,2
1119,7,Fuel_Facilities_with_Anchored_Components_Tank,PGA,4
1120,7,Fuel_Facilities_with_Anchored_Components_Pump_Building,PGA,4
1121,7,Fuel_Facilities_with_Anchored_Components_Horizontal_Pump,PGA,1
1122,7,Fuel_Facilities_with_Anchored_Components_Equipment,PGA,1
1123,7,Dispatch_facilities_with_Anchored_Components_with_Backup_Power,PGA,4
1124,7,Dispatch_facilities_with_Anchored_Components_without_Backup_Power,PGA,4
1125,7,Dispatch_facilities_with_Unanchored_Components_with_Backup_Power,PGA,4
1126,7,Dispatch_facilities_with_Unanchored_Components_without_Backup_Power,PGA,4
1127,7,Dispatch_facilities_with_Anchored_Components_Electric_Power_Backup,PGA,2
1128,7,Dispatch_facilities_with_Anchored_Components_Electric_Power_Off_Site,PGA,2
1129,7,Dispatch_facilities_with_Anchored_Components_Building,PGA,4
1130,7,Dispatch_facilities_with_Anchored_Components_Equipment,PGA,1
1131,7,Light_Rail_DC_Power_Substations_with_Anchored_Components,PGA,4
1132,7,Light_Rail_DC_Power_Substations_with_Unanchored_Components,PGA,4
1133,7,Light_Rail_DC_Power_Substations_with_Anchored_Components_Building_,PGA,4
1134,7,Light_Rail_DC_Power_Substations_with_Anchored_Components_Equipment_,PGA,1
1135,7,Light_Rail_DC_Power_Substations_with_Anchored_Components_Off_Site_Power,PGA,2
1136,14,Waterfront_Structures,PGD,4
1137,14,Cranes_Cargo_Handling_Equipment_Anchored_Stationary_PEQ1,PGA,3
1138,14,Cranes_Cargo_Handling_Equipment_Unanchored_Rail_mounted_PEQ2,PGA,3
1139,14,Cranes_Cargo_Handling_Equipment_Anchored_Stationary_PEQ1,PGV,3
1140,14,Cranes_Cargo_Handling_Equipment_Unanchored_Rail_mounted_PEQ2,PGV,3
1141,15,Runways,PGV,3
1142,15,Fuel_facilities_with_Anchored_Components_with_Backup_Power,PGA,4
1143,15,Fuel_facilities_with_Anchored_Components_without_Backup_Power,PGA,4
1144,15,Fuel_facilities_with_Unanchored_Components_with_Backup_Power,PGA,4
1145,15,Fuel_facilities_with_Unanchored_Components_without_Backup_Power,PGA,4
1146,15,Fuel_Facilities_with_Anchored_Components_Electric_Power_Backup,PGA,2
1147,15,Fuel_Facilities_with_Anchored_Components_Electric_Power_Off_Site,PGA,2
1148,15,Fuel_Facilities_with_Anchored_Components_Tank,PGA,4
1149,15,Fuel_Facilities_with_Anchored_Components_Pump_Building,PGA,4
1150,15,Fuel_Facilities_with_Anchored_Components_Horizontal_Pump,PGA,1
1151,15,Fuel_Facilities_with_Anchored_Components_Equipment,PGA,1
1152,16,Small_Water_Treatment_Plants_PWTS_with_anchored_subcomponents,PGA,4
1153,16,Small_Water_Treatment_Plants_PWTS_with_unanchored_subcomponents,PGA,4
1154,16,Medium_Water_Treatment_Plants_PWTM_with_anchored_subcomponents,PGA,4
1155,16,Medium_Water_Treatment_Plants_PWTM_with_unanchored_subcomponents,PGA,4
1156,16,Large_Water_Treatment_Plants_PWTL_with_anchored_subcomponents,PGA,4
1157,16,Large_Water_Treatment_Plants_PWTL_with_unanchored_subcomponents,PGA,4
1158,16,Small_Pumping_Plants_PPPS_with_anchored_subcomponents,PGA,4
1159,16,Small_Pumping_Plants_PPPS_with_unanchored_subcomponents,PGA,4
1160,16,Medium_PPPM_and_Large_PPPL_Pumping_Plants_with_anchored_subcomponents,PGA,4
1161,16,Medium_PPPM_and_Large_PPPL_Pumping_Plants_with_unanchored_subcomponents,PGA,4
1162,16,Wells_PWE,PGA,4
1163,16,On_Ground_Concrete_Tank_PSTGC_Anchored,PGA,4
1164,16,On_Ground_Concrete_Tank_PSTGC_Unanchored,PGA,4
1165,16,On_Ground_Steel_Tank_PSTGS_Anchored,PGA,4
1166,16,On_Ground_Steel_Tank_PSTGS_Unanchored,PGA,4
1167,16,Above_Ground_Steel_Tank_PSTAS,PGA,4
1168,16,On_Ground_Wood_Tank_PSTGW,PGA,4
1169,16,Buried_Concrete_Tank_PSTBC,PGV,4
1170,24,Small_Wastewater_Treatment_Plants_WWTS_with_anchored_components,PGA,4
1171,24,Small_Wastewater_Treatment_Plants_WWTS_with_unanchored_components,PGA,4
1172,24,Medium_Wastewater_Treatment_Plants_WWTM_with_anchored,PGA,4
1173,24,Medium_Wastewater_Treatment_Plants_WWTM_with,PGA,4
1174,24,Large_Wastewater_Treatment_Plants_WWTL_with_anchored_components,PGA,4
1175,24,Large_Wastewater_Treatment_Plants_WWTL_with_unanchored_components,PGA,4
1176,17,Cylindrical_steel_storage_tanks_All_tanks,PGA,4
1177,17,Cylindrical_steel_storage_tanks_<50%_filled,PGA,4
1178,17,Cylindrical_steel_storage_tanks_>50%_filled,PGA,4
1179,17,Cylindrical_steel_storage_tanks_>60%_filled,PGA,4
1180,17,Cylindrical_steel_storage_tanks_>90%_filled,PGA,4
1181,17,Cylindrical_steel_storage_tanks_>50%_filled_Anchored,PGA,4
1182,17,Cylindrical_steel_storage_tanks_>50%_filled_Unanchored,PGA,4
1183,20,Cylindrical_steel_storage_tanks_All_tanks,PGA,4
1184,20,Cylindrical_steel_storage_tanks_H_D_<_0.7,PGA,4
1185,20,Cylindrical_steel_storage_tanks_H_D>0.7,PGA,4
1186,20,Cylindrical_steel_storage_tanks_<50%_filled,PGA,4
1187,20,Cylindrical_steel_storage_tanks_>50%_filled,PGA,4
1188,21,Continuous_Pipelines_CP_,PGA,2
1189,21,Segmented_Pipelines_SP,PGA,2
1190,25,Small_Refineries_Capacity_<_100000_barrels_day_anchored_components_ORF1,PGA,4
1191,25,Small_Refineries_Capacity_<_100000_barrels_day_unanchored_components_ORF2,PGA,4
1192,25,Medium_Large_Refineries_Capacity>100000_barrels_day_anchored_components_ORF3,PGA,4
1193,25,Medium_Large_Refineries_Capacity>100000_barrels_day_unanchored_components_ORF4,PGA,4
1194,25,Pumping_Plants_OPP_with_anchored_components,PGA,4
1195,25,Pumping_Plants_OPP_with_unanchored_components,PGA,4
1196,25,Tank_farms_with_anchored_components_OTF1,PGA,3
1197,25,Tank_farms_with_unanchored_components_OTF2,PGA,4
1198,26,Cylindrical_steel_storage_tanks_All_tanks,PGA,4
1199,26,Cylindrical_steel_storage_tanks_<50%_filled,PGA,4
1200,26,Cylindrical_steel_storage_tanks_>50%_filled,PGA,4
1201,26,Cylindrical_steel_storage_tanks_>60%_filled,PGA,4
1202,26,Cylindrical_steel_storage_tanks_>90%_filled,PGA,4
1203,26,Cylindrical_steel_storage_tanks_>50%_filled_Anchored,PGA,4
1204,26,Cylindrical_steel_storage_tanks_>50%_filled_Unanchored,PGA,4
1205,27,Cylindrical_steel_storage_tanks_All_tanks,PGA,4
1206,27,Cylindrical_steel_storage_tanks_H_D_<_0.7,PGA,4
1207,27,Cylindrical_steel_storage_tanks_H_D>0.7,PGA,4
1208,27,Cylindrical_steel_storage_tanks_<50%_filled,PGA,4
1209,27,Cylindrical_steel_storage_tanks_>50%_filled,PGA,4
1210,28,Atmospheric_steel_tank_Anchored_Near_full,PGA,4
1211,28,Atmospheric_steel_tank_Anchored_>50%_filled,PGA,4
1212,28,Atmospheric_steel_tank_Unanchored_Near_full,PGA,4
1213,28,Atmospheric_steel_tank_Unanchored_>50%_filled,PGA,4
1214,29,Continuous_Pipelines_CP_,PGA,2
1215,29,Segmented_Pipelines_SP,PGA,2
1216,30,Compressor_station_with_anchored_components,PGA,4
1217,30,Compressor_station_with_unanchored_components,PGA,4
1220,31,Low_voltage_substations_ESSL_34.5_150KV_with_anchored_seismic_components,PGA,4
1221,31,Low_voltage_substations_ESSL_34.5_150KV_with_unanchored_standard_components,PGA,4
1222,31,Medium_voltage_substations_ESSM_150_kV_to_350_kV_with_anchored_seismic_components,PGA,4
1223,31,Medium_voltage_substations_ESSM_150_kV_to_350_kV_with_unanchored_standard_components,PGA,4
1224,31,High_voltage_substations_ESSH>350_kV_with_anchored_seismic_components_ESSH,PGA,4
1225,31,High_voltage_substations_ESSH>350_kV_with_unanchored_standard_components_ESS6,PGA,4
1226,31,Distribution_Circuits_with_anchored_seismic_components_EDC,PGA,4
1227,31,Distribution_Circuits_with_unanchored_standard_components,PGA,4
1228,31,Small_Generation_Facilities_EPPS_<100MW_with_anchored_components,PGA,4
1229,31,Small_Generation_Facilities_EPPS_<100MW_with_unanchored_components,PGA,4
1230,31,Medium_Large_Generation_Facilities_EPPS_>200MW_with_anchored_components,PGA,4
1231,31,Medium_Large_Generation_Facilities_EPPS_>200MW_with_unanchored_components,PGA,4
1232,35,Communication_Facilities_with_anchored_components,PGA,3
1233,35,Communication_Facilities_with_unanchored_components,PGA,3
1234,5,Roadway_embankment_height_ 2m_soil_type_C,PGA,3
1235,5,Roadway_embankment_height_ 4m_soil_type_C,PGA,3
1236,5,Roadway_embankment_height_ 2m_soil_type_D,PGA,3
1237,5,Roadway_embankment_height_ 4m_soil_type_D,PGA,3
1238,5,Roadway_cuts_height_6m_soil_type_C,PGA,3
1239,5,Roadway_cuts_height_4m_soil_type_D,PGA,3
1240,5,Roadway_cuts_height_6m_soil_type_D,PGA,3
1243,5,Railway_embankment_height_ 2m_soil_type_C,PGA,3
1244,5,Railway_embankment_height_ 4m_soil_type_C,PGA,3
1245,8,Railway_embankment_height_ 2m_soil_type_D,PGA,3
1246,8,Railway_embankment_height_ 4m_soil_type_D,PGA,3
1247,8,Railway_cuts_height_6m_soil_type_C,PGA,3
1248,8,Railway_cuts_height_4m_soil_type_D,PGA,3
1249,8,Railway_cuts_height_6m_soil_type_D,PGA,3
1254,18,Unanchored_on_grade_steel_tanks_fill_level>50%._With_Northridge,PGA,3
1255,18,Unanchored_on_grade_steel_tanks_with_fill_level_>50%._Without_Northridge,PGA,3
1256,19,Atmospheric_above_ground_steel_storage_tank,PGA,4
1257,19,Atmospheric_above_ground_steel_storage_tank_Above_ground_steel_H_D_0.2,PGA,4
1258,19,Atmospheric_above_ground_steel_storage_tank_Above_ground_steel_H_D_0.6,PGA,4
1259,19,Atmospheric_above_ground_steel_storage_tank_Above_ground_steel_20%_full_,PGA,4
1260,19,Atmospheric_above_ground_steel_storage_tank_Above_ground_steel_50%_full_,PGA,4
1261,19,Atmospheric_above_ground_steel_storage_tank_Above_ground_steel_90%_full_,PGA,4
1262,19,Atmospheric_above_ground_steel_storage_tank_Above_ground_steel_unanchored,PGA,4
1268,24,Small_wastewater_treatment_plant_anchored_components,PGA,4
1269,24,Small_wastewater_treatment_plant_unanchored_components,PGA,4
1270,24,Medium_wastewater_treatment_plant_anchored_components,PGA,4
1271,24,Medium_wastewater_treatment_plant_unanchored_components,PGA,4
1272,24,Large_wastewater_treatment_plant_anchored_components,PGA,4
1273,24,Large_wastewater_treatment_plant_unanchored_components,PGA,4
1278,32,Hydropower_plant,PGA,3
1279,32,Hydropower_plant,PGV,3
1280,33,Wind_turbine_1_MW_capacity_40_m_hub_height,PGA,3
1281,33,Wind_turbine_2.5_MW_capacity_80_m_hub_height_,PGA,3
1282,33,Wind_turbine_3.3_MW_capacity_100_m_hub_height_,PGA,3
1283,33,Wind_turbine_1_MW_capacity_40_m_hub_height_passive_damping_system,PGA,3
1284,33,Wind_turbine_2.5_MW_capacity_80_m_hub_height_passive_damping_system,PGA,3
1285,33,Wind_turbine_3.3_MW_capacity_100_m_hub_height_passive_damping_system,PGA,3
1286,34,Small_substation_with_unanchored_standard_components,PGA,4
1288,7,Dispatch_Facilities_with_Anchored_Components_Horizontal_Pump,PGA,1
